"Sillam";"Noa";"noasillam@gmail.com";2022-11-28;67;
"Sillam";"Noa";"noasillam@gmail.com";2022-11-16;68;
"Sillam";"Noa";"noasillam@gmail.com";2022-11-28;67;
"Sillam";"Noa";"noasillam@gmail.com";2022-11-16;68;
"Sillam";"Noa";"noasillam@gmail.com";2022-11-25;21;
"Sillam";"Noa";"noasillam@gmail.com";2022-11-25;21;
"aa";"aa";"aa";2022-11-25;20;
"Sillam";"Noa";"aaa@gmail.com";2022-11-25;21;
"Sillam";"Noa";"noasillam@gmail.com";2022-11-25;21;
"39";"Noa";"dd";2022-11-25;21;
"aaaa";"aaaa";"aaa";2022-11-25;72;
"Sillam";"Noa";"cc";2022-11-25;30;
"aaaaaaa";"aaaaaaaaa";"aaaaaaaa@gmail.com";2022-12-22;42;
"aghejhjc";"hdhberj";"nbejkzqjx@gmail.com";2022-12-20;32;
"Sillam";"Noa";"noasillam@gmail.com";2022-12-20;42;
