"Nom";"Prenom";"Mail";"Téléphone";"Date de l'inscription";"Age";"Titre de la mission"
"Sillam";"Noa";"noasillam@gmail.com  ";"0750266166";2022-11-28;68;;
"Sillam";"Noa";"noasillam@gmail.com";"0750266166";2022-11-16;69;;
"Sillam";"Noa";"noasillam@gmail.com  ";"0750266166";2022-11-28;68;;
"Sillam";"Noa";"noasillam@gmail.com";"0750266166";2022-11-16;69;;
"Sillam";"Noa";"noasillam@gmail.com ";"0750266166";2022-11-25;22;;
"Sillam";"Noa";"noasillam@gmail.com";"0750266166";2022-11-25;22;;
"aa";"aa";"aa";"0909090909";2022-11-25;21;Aide en cuisine;
"Sillam";"Noa";"aaa@gmail.com";"0750266166";2022-11-25;22;Aide en cuisine;
"Sillam";"Noa";"noasillam@gmail.com";"0750266166";2022-11-25;22;Aide en Service Hôtelier en Casa;
"39";"Noa";"dd";"0750266166";2022-11-25;22;Aide en Service Hôtelier en Casa;
"aaaa";"aaaa";"aaa";"0909090909";2022-11-25;73;Aide en cuisine;
"Sillam";"Noa";"cc";"0750266166";2022-11-25;31;Aide en cuisine;
"aaaaaaa";"aaaaaaaaa";"aaaaaaaa@gmail.com";"0698617087";2022-12-22;43;;
"aghejhjc";"hdhberj";"nbejkzqjx@gmail.com";"01011001";2022-12-20;33;;
"Sillam";"Noa";"noasillam@gmail.com";"0750266166";2022-12-20;43;;
"Sillam";"Noa";"aaa@gmail.com";"0750266166";2023-02-02;73;Aide en cuisine;
"aaaer";"aazz";"bdjjd@gmail.com";"0750266166";2023-02-28;73;Aide en cuisine;
"Sillam";"Noa";"aaa@gmail.com";"0750266166";2023-02-28;73;Aide en cuisine;
"Sillam";"Noa";"aaa@gmail.com";"0750266166";2023-03-01;73;;
"azertyujhbvf";"sdfghdfghj";"cc@gmail.com";"0750266166";2023-04-14;58;;
"Sillam";"Noa";"";"0750266166";2023-04-14;73;;
"Sillam";"Noa";"aaa@gmail.com";"0750266166";2023-04-14;73;;
"Sillam";"Noa";"aaa@gmail.com";"0750266166";2023-04-14;73;;
"Sillam";"Noa";"aaa@gmail.com";"0750266166";2023-04-14;73;;
"Sillam";"Noa";"noasillam@gmail.com";"0750266166";2023-04-14;73;;
"Sillam";"Noa";"aaa@gmail.com";"0750266166";2023-04-14;73;;
"Sillam";"Noa";"aaa@gmail.com";"0750266166";2023-04-14;73;;
"Sillam";"Noa";"aaa@gmail.com";"00";2023-04-14;73;;
"Sillam";"Noa";"aaa@gmail.com";"00";2023-04-14;73;;
"Sillam";"Noa";"aaa@gmail.com";"0750266166";2023-04-14;73;;
"Sillamazertyuioihghj";"Noa";"aaa@gmail.com";"00";2023-04-14;73;;
"Sillamxcvhjklkjhgfgh";"Noa";"aaa@gmail.com";"0750266166";2023-04-14;73;;
"Sillam";"Noa";"noasillam-gmail.com";"075026616";2023-04-27;73;Aide en cuisine;
"Sillam";"Noa";"noasillam-gmail.com";"075026616";2023-04-27;73;Aide en cuisine;
"Sillam";"Noa";"noasillam-gmail.com";"07502661";2023-04-27;73;Aide en cuisine;
"Sillam";"Noa";"noasillam@gmail-com";"0750266166";2023-04-27;73;Aide en cuisine;
"Sillam";"Noa";"noasillam@gmail.c.om";"0750266166";2023-04-27;73;Aide en cuisine;
"Sillam";"Noa";"noasillam@gmail.com";"0750266166";2023-04-27;73;Aide en cuisine;
